;Nazwa;Kategoria;zdjecie;Cena zawiera podatek. (brutto)
0;  Lucande Hayley lampa wisząca LED 9-punktowa, złota ;14;"https://lw-cdn.com/images/B0453540484E/k_43d38fcb4734dfcdb21cf0b0ccffde71;w_353;h_353;q_70/lucande-hayley-lampa-wiszaca-led-9-punktowa-zlota.jpg"; Special Price  1 522,68 zł 
1;  Lampa wisząca Dallas, chrom ;14;"https://lw-cdn.com/images/D5D49BEA3E4D/k_a42b95d7f0b83b397413137fcaa4cdbf;w_353;h_353;q_70/lampa-wiszaca-dallas-chrom.jpg"; 2 029,19 zł 
2;  Lampa wisząca LED Artist, Ø 40 cm, czarna ;14;"https://lw-cdn.com/images/8E6A4ADBDC5A/k_0bda51e10807e55d7f3721405a9b3635;w_353;h_353;q_70/lampa-wiszaca-led-artist-o-40-cm-czarna.jpg"; 1 160,08 zł 
3;  Wspaniała lampa wisząca LED Narisa ;14;"https://lw-cdn.com/images/7BFB9B237E6C/k_40fd1f89024ee5686cc42a26fcfdd2a1;w_353;h_353;q_70/wspaniala-lampa-wiszaca-led-narisa.jpg"; Special Price  1 195,04 zł 
4;  Lucande Jorna lampa wisząca 5-pkt, kabel czerwony ;14;"https://lw-cdn.com/images/F4D01DF8378D/k_9165dcd73428d8ef78b073913fd530e2;w_353;h_353;q_70/lucande-jorna-lampa-wiszaca-5-pkt-kabel-czerwony.jpg"; Special Price  305,61 zł 
5;  Lucande Filoreta lampa wisząca, 35 cm, czarna ;14;"https://lw-cdn.com/images/BE36C5E166FC/k_26a2e0b54d228b1e54b6db59ae48dbb4;w_353;h_353;q_70/lucande-filoreta-lampa-wiszaca-35-cm-czarna.jpg"; Special Price  247,89 zł 
6;  Lucande Edano lampa wisząca LED, 3 stopniowa ;14;"https://lw-cdn.com/images/7389A41BB88A/k_b68e9a5ae8c8b211dd925ca1d714d59e;w_353;h_353;q_70/lucande-edano-lampa-wiszaca-led-3-stopniowa.jpg"; 678,78 zł 
7;  Lampa wisząca Fiona z falbaniastym kloszem ;14;"https://lw-cdn.com/images/D0FD1007D45A/k_5b78a91121e3351f723e51c2f7772f2d;w_353;h_353;q_70/lampa-wiszaca-fiona-z-falbaniastym-kloszem.jpg"; 173,90 zł 
8;  Lucande Sotiana lampa wisząca szklane kule, 4-pkt. ;14;"https://lw-cdn.com/images/9301D99F798E/k_c4307eed1d16d40f334e2ae3925aef10;w_353;h_353;q_70/lucande-sotiana-lampa-wiszaca-szklane-kule-4-pkt.jpg"; 725,12 zł 
9;  Grok Invisible lampa wisząca LED 00-5693, Ø 15cm ;14;"https://lw-cdn.com/images/6411325686AE/k_ca500470b692b263fb93c0942ccc23c5;w_353;h_353;q_70/grok-invisible-lampa-wiszaca-led-00-5693-o-15cm.jpg"; 869,84 zł 
10;  Lampa wisząca LED Narisa, Ø 18 cm chrom ;14;"https://lw-cdn.com/images/BC87333AA255/k_904376b6765246e0529602f29a85445e;w_353;h_353;q_70/lampa-wiszaca-led-narisa-o-18-cm-chrom.jpg"; 453,58 zł 
11;  Lampa wisząca Eos large, jasnobrązowy klosz ;14;"https://lw-cdn.com/images/A3C680CA3510/k_0bc7abc06138bcd6f047b007105d6bf9;w_353;h_353;q_70/lampa-wiszaca-eos-large-jasnobrazowy-klosz.jpg"; 1 105,61 zł 
12;  Dyberg Larsen PineApple M Copper Look wisząca 45cm ;14;"https://lw-cdn.com/images/8F2F2E47AAD6/k_5f407ddc723e86f512529db4dc343937;w_353;h_353;q_70/dyberg-larsen-pineapple-m-copper-look-wiszaca-45cm.jpg"; 649,51 zł 
13;  MARKET SET Screen XL lampa wisząca ;14;"https://lw-cdn.com/images/14CA9E3E19EB/k_035ca24ccdb926679a88840a31f6a064;w_353;h_353;q_70/market-set-screen-xl-lampa-wiszaca.jpg"; 2 509,90 zł 
14;  &Tradition Formakami JH4 lampa wisząca ;14;"https://lw-cdn.com/images/44B3AB24A04F/k_ac6e3e56c562cad70df101160be59f74;w_353;h_353;q_70/tradition-formakami-jh4-lampa-wiszaca.jpg"; 638,13 zł 
15;  Louis Poulsen PH 4/3 – lampa wisząca, 40 cm ;14;"https://lw-cdn.com/images/3EAABC1959B6/k_399fc7c666850aee54f2848eb32b8f2b;w_353;h_353;q_70/louis-poulsen-ph-4-3-lampa-wiszaca-40-cm.jpg"; 2 030,00 zł 
16;  Ozdobna lampa wisząca Silvia medium, biała ;14;"https://lw-cdn.com/images/57D37D522425/k_68aa4390de99f3a8947047db1639ba5c;w_353;h_353;q_70/ozdobna-lampa-wiszaca-silvia-medium-biala.jpg"; 381,22 zł 
17;  Lucande Lian lampa wisząca LED, złota oksydowana ;14;"https://lw-cdn.com/images/D41A6A9B3169/k_fce8192b170f0e0e2835d486929d5a84;w_353;h_353;q_70/lucande-lian-lampa-wiszaca-led-zlota-oksydowana.jpg"; Special Price  1 712,93 zł 
18;  Lucande Dustian lampa wisząca, szklana kula ;14;"https://lw-cdn.com/images/25F49C0C4C79/k_795aa6dd3d975651b70865a593d7ae2c;w_353;h_353;q_70/lucande-dustian-lampa-wiszaca-szklana-kula.jpg"; Special Price  134,88 zł 
19;  Lucande Sakina lampa wisząca LED czarna Ø 49cm ;14;"https://lw-cdn.com/images/0C992EDADF0A/k_f138cd8bd16664dd60e9c8212cc7bf9b;w_353;h_353;q_70/lucande-sakina-lampa-wiszaca-led-czarna-o-49cm.jpg"; Special Price  457,64 zł 
20;  Lucande Elinara kryształowa lampa wisząca, miedź ;14;"https://lw-cdn.com/images/D2678592D3D1/k_ba935a8d1bd148986ae788979d66aa63;w_353;h_353;q_70/lucande-elinara-krysztalowa-lampa-wiszaca-miedz.jpg"; Special Price  1 703,17 zł 
21;  Niezwykła lampa wisząca Planet ;14;"https://lw-cdn.com/images/4061745D8AAB/k_7f0b70cbb884507b1e33d41f9b0f9e65;w_353;h_353;q_70/niezwykla-lampa-wiszaca-planet.jpg"; Special Price  282,85 zł 
22;  Lucande Lian lampa wisząca LED, czarna, aluminium ;14;"https://lw-cdn.com/images/DF4B598118F5/k_8d71197e15150b1ae8a028789767c962;w_353;h_353;q_70/lucande-lian-lampa-wiszaca-led-czarna-aluminium.jpg"; Special Price  1 599,11 zł 
23;  Lucande Sotiana lampa wisząca szklane kule, 3-pkt. ;14;"https://lw-cdn.com/images/C0DFCDEB5DAA/k_f6bae8c3c0090f91f753918d453bb83c;w_353;h_353;q_70/lucande-sotiana-lampa-wiszaca-szklane-kule-3-pkt.jpg"; Special Price  477,15 zł 
24;  Lampa wisząca LED Marija, przesłona pionowa czarna ;14;"https://lw-cdn.com/images/F84BE0B6A982/k_3766d105aed5f496ee6f0e9ce155e213;w_353;h_353;q_70/lampa-wiszaca-led-marija-przeslona-pionowa-czarna.jpg"; Special Price  913,74 zł 
25;  Lucande Parena lampa wisząca ze szklanymi kloszami ;14;"https://lw-cdn.com/images/D27F67C957CA/k_201fd7f2f8a729a8678a0fefe9251a37;w_353;h_353;q_70/lucande-parena-lampa-wiszaca-ze-szklanymi-kloszami.jpg"; Special Price  906,42 zł 
26;  Lucande Filoreta lampa wisząca, 45 cm, czarna ;14;"https://lw-cdn.com/images/A4BA886594AC/k_c214560d0165f28cfd224e711ba30b63;w_353;h_353;q_70/lucande-filoreta-lampa-wiszaca-45-cm-czarna.jpg"; Special Price  343,82 zł 
27;  Lucande Hayley lampa wisząca LED 9-punktowa, chrom ;14;"https://lw-cdn.com/images/2545F6A75046/k_059b822b4df23ad147d26824157ee2f8;w_353;h_353;q_70/lucande-hayley-lampa-wiszaca-led-9-punktowa-chrom.jpg"; Special Price  1 522,68 zł 
28;  Lucande Lounit lampa wisząca, czarno-złota, 1-pkt. ;14;"https://lw-cdn.com/images/CD4F37B7EAFC/k_296869f44b3b40537c58d81d7509f7f1;w_353;h_353;q_70/lucande-lounit-lampa-wiszaca-czarno-zlota-1-pkt.jpg"; Special Price  398,29 zł 
29;  FLOS Smithfield S lampa wisząca ;14;"https://lw-cdn.com/images/A9BA0F2880C5/k_6e53c4c56e40e5cbc5646c7165b20588;w_353;h_353;q_70/flos-smithfield-s-lampa-wiszaca.jpg"; Special Price  2 714,55 zł 
30;  Lampa wisząca LED Narisa 5xG9, Ø47cm, biała ;14;"https://lw-cdn.com/images/F18AF4338FCC/k_f9a16c51931ef73ae942c7714cd9d570;w_353;h_353;q_70/lampa-wiszaca-led-narisa-5xg9-o47cm-biala.jpg"; 1 268,21 zł 
31;  Lampa wisząca Tulipani ze szkła z Murano, 45 cm ;14;"https://lw-cdn.com/images/079380D8B67A/k_4feae275ae230c9464ebc86614d569fe;w_353;h_353;q_70/lampa-wiszaca-tulipani-ze-szkla-z-murano-45-cm.jpg"; 3 189,35 zł 
32;  Ekstrawagancka lampa wisząca Silvia mini, biała ;14;"https://lw-cdn.com/images/496CC4E6CEAF/k_3268895235c5ff6381919ccec8d2312f;w_353;h_353;q_70/ekstrawagancka-lampa-wiszaca-silvia-mini-biala.jpg"; 272,28 zł 
33;  Lampa wisząca GOCCIA 45 w formie kropli ;14;"https://lw-cdn.com/images/B736A0397611/k_eaad270224462f2efd764f68419456a9;w_353;h_353;q_70/lampa-wiszaca-goccia-45-w-formie-kropli.jpg"; Special Price  1 231,63 zł 
34;  New Works Tense lampa wisząca LED, recykling 100% ;14;"https://lw-cdn.com/images/101C071FB8F8/k_8ab76fed3f6292dcde6ee8619d0d7f75;w_353;h_353;q_70/new-works-tense-lampa-wiszaca-led-recykling-100.jpg"; 2 228,90 zł 
35;  UMAGE Carmina mini lampa wisząca biała ;14;"https://lw-cdn.com/images/F69E721309E8/k_8c74fa1d3fcdd84bced64159f34bf8a0;w_353;h_353;q_70/umage-carmina-mini-lampa-wiszaca-biala.jpg"; 308,86 zł 
36;  Lucande Anjita lampa wisząca szklane klosze 3-pkt. ;14;"https://lw-cdn.com/images/8F74D7F65678/k_41456ba4c5339971d799a95757f0afa9;w_353;h_353;q_70/lucande-anjita-lampa-wiszaca-szklane-klosze-3-pkt.jpg"; Special Price  305,61 zł 
37;  Lucande Filoreta lampa wisząca, 35 cm, biała ;14;"https://lw-cdn.com/images/5D874B58C1DF/k_196415e88b68b35d9d5d974973a61d2b;w_353;h_353;q_70/lucande-filoreta-lampa-wiszaca-35-cm-biala.jpg"; Special Price  247,89 zł 
38;  Lucande Sakina lampa wisząca LED czarna Ø 58cm ;14;"https://lw-cdn.com/images/D340C26B4ECB/k_dd5e24c808426b0a700555630077b8d7;w_353;h_353;q_70/lucande-sakina-lampa-wiszaca-led-czarna-o-58cm.jpg"; Special Price  571,46 zł 
39;  Lucande Valina lampa wisząca ze szkła, 1-punktowa ;14;"https://lw-cdn.com/images/E8D1B143EE01/k_ba3c17cfca18548fa984a2c5f0315e93;w_353;h_353;q_70/lucande-valina-lampa-wiszaca-ze-szkla-1-punktowa.jpg"; Special Price  229,19 zł 
40;  Lucande Anjita lampa wisząca szklane klosze 5-pkt. ;14;"https://lw-cdn.com/images/0722D9BB84CA/k_78c4b070945cb55ab5f74e5bbc5bbb01;w_353;h_353;q_70/lucande-anjita-lampa-wiszaca-szklane-klosze-5-pkt.jpg"; Special Price  438,94 zł 
41;  Lucande Lounit lampa wisząca, czarno-złota, 4-pkt. ;14;"https://lw-cdn.com/images/07B990646497/k_0c87ac4f4735f649d749ec11161989cc;w_353;h_353;q_70/lucande-lounit-lampa-wiszaca-czarno-zlota-4-pkt.jpg"; Special Price  725,12 zł 
42;  Lucande Sotiana lampa wisząca szklane kule, 6-pkt. ;14;"https://lw-cdn.com/images/0E482AECDB62/k_c516308cb86478a3461d127387b72ad3;w_353;h_353;q_70/lucande-sotiana-lampa-wiszaca-szklane-kule-6-pkt.jpg"; Special Price  906,42 zł 
43;  Lampa wisząca LED Lian z drewnianą okleiną ;14;"https://lw-cdn.com/images/6791564824F6/k_0b9909be01c5c5647b5992dcb163972d;w_353;h_353;q_70/lampa-wiszaca-led-lian-z-drewniana-okleina.jpg"; Special Price  2 051,95 zł 
44;  Lucande Lian lampa wisząca LED, mosiądz, regulacja ;14;"https://lw-cdn.com/images/F577E80F30C3/k_5ee514fbf17cb7a63ef269f7de544f89;w_353;h_353;q_70/lucande-lian-lampa-wiszaca-led-mosiadz-regulacja.jpg"; Special Price  1 674,72 zł 
45;  Lampa wisząca LED Marija, pionowa osłona, złota ;14;"https://lw-cdn.com/images/7EF23EF2EC37/k_bfdb34591d1b518cf8af352dae365e30;w_353;h_353;q_70/lampa-wiszaca-led-marija-pionowa-oslona-zlota.jpg"; Special Price  952,76 zł 
46;  Lucande Valina lampa wisząca ze szkła, decentralna ;14;"https://lw-cdn.com/images/8303A7CE78D6/k_e718c0da02411de62b05216134b9d9e7;w_353;h_353;q_70/lucande-valina-lampa-wiszaca-ze-szkla-decentralna.jpg"; Special Price  471,46 zł 
47;  Złota lampa wisząca AURA - made in Germany ;14;"https://lw-cdn.com/images/0060D6693D21/k_7cb410fc0ff459ae72540410a1a3236e;w_353;h_353;q_70/zlota-lampa-wiszaca-aura-made-in-germany.jpg"; Special Price  1 143,01 zł 
48;  Lucande Carlea lampa wisząca, 6-punktowa ;14;"https://lw-cdn.com/images/40C12BF49269/k_bcc891e7b27e23e9852eb4ca84fb2ac2;w_353;h_353;q_70/lucande-carlea-lampa-wiszaca-6-punktowa.jpg"; Special Price  457,64 zł 
49;  Lucande Miraia lampa wisząca, lustrzana ;14;"https://lw-cdn.com/images/8630615526EF/k_0ca23f3ac116372e9368f6c7c0147666;w_353;h_353;q_70/lucande-miraia-lampa-wiszaca-lustrzana.jpg"; Special Price  1 087,72 zł 
50;  Lampa wisząca Silvia mini, szczotkowany mosiądz ;14;"https://lw-cdn.com/images/C3FD269610CD/k_7ca7f70578ca4f3e3019c2483f04f30b;w_353;h_353;q_70/lampa-wiszaca-silvia-mini-szczotkowany-mosiadz.jpg"; 308,86 zł 
51;  Artemide nh S3 14 lampa wisząca, 3-punktowa ;14;"https://lw-cdn.com/images/5EBBCD3FFCC3/k_c1bc2859560f67e0c4a7eb23712c7fcc;w_353;h_353;q_70/artemide-nh-s3-14-lampa-wiszaca-3-punktowa.jpg"; Special Price  3 109,67 zł 
52;  UMAGE Cornet lampa wisząca biała/mosiądz ;14;"https://lw-cdn.com/images/7D9B9B1F5C91/k_688c3b8fec2126a08d16e11e1d388fc6;w_353;h_353;q_70/umage-cornet-lampa-wiszaca-biala-mosiadz.jpg"; 344,63 zł 
53;  Lampa wisząca Jugen 1-punktowa ;14;"https://lw-cdn.com/images/E1F76BC02DA1/k_249cc47556f5b73f972bae44d347e28f;w_353;h_353;q_70/lampa-wiszaca-jugen-1-punktowa.jpg"; 478,78 zł 
54;  Forestier Gravity 1 lampa wisząca Ø86cm ;14;"https://lw-cdn.com/images/4764842895EF/k_e25c4dd08b3d0162d20c62633d7eeed5;w_353;h_353;q_70/forestier-gravity-1-lampa-wiszaca-o86cm.jpg"; 3 989,90 zł 
55;  Lampa wisząca Stay, 3-punktowa, ukośne klosze ;14;"https://lw-cdn.com/images/D282A4D16E4A/k_6b0cc8fb397cdb473eb2be9ffd2d57c2;w_353;h_353;q_70/lampa-wiszaca-stay-3-punktowa-ukosne-klosze.jpg"; 1 158,90 zł 
56;  Mała lampa wisząca Bond ;14;"https://lw-cdn.com/images/08B212544367/k_edfe5db601e8b0489ca2fc441239c156;w_353;h_353;q_70/mala-lampa-wiszaca-bond.jpg"; 1 751,90 zł 
57;  Wyjątkowa lampa wisząca Carmina medium ;14;"https://lw-cdn.com/images/16FB52D7C64D/k_534e3292b291946399e0812f1aaaec39;w_353;h_353;q_70/wyjatkowa-lampa-wiszaca-carmina-medium.jpg"; 416,99 zł 
58;  Lampa wisząca Acorn, biała i miedziana, polerowana ;14;"https://lw-cdn.com/images/8B28B698119F/k_660f2cf559170eecad8642e52c1b5c11;w_353;h_353;q_70/lampa-wiszaca-acorn-biala-i-miedziana-polerowana.jpg"; 362,52 zł 
59;  Louis Poulsen lampa wisząca Toldbod 250 ;14;"https://lw-cdn.com/images/6B57A5A94965/k_140940741864ffc8a9071ba54949fc44;w_353;h_353;q_70/louis-poulsen-lampa-wiszaca-toldbod-250.jpg"; Special Price  1 185,28 zł 
